Seed, Return Value,y-hat,y-(y-hat),,,,
1,41,58.17481,-17.17481,,,,
1,41,58.17481,-17.17481,,,,
1,41,58.17481,-17.17481,,,,
1,41,58.17481,-17.17481,,,,
1,41,58.17481,-17.17481,,,,
1,41,58.17481,-17.17481,,,,
1,41,58.17481,-17.17481,,,,
1,41,58.17481,-17.17481,,,,
1,41,58.17481,-17.17481,,,,
1,41,58.17481,-17.17481,,,,
1,41,58.17481,-17.17481,,,,
1,41,58.17481,-17.17481,,,,
1,41,58.17481,-17.17481,,,,
1,41,58.17481,-17.17481,,,,
1,41,58.17481,-17.17481,,,,
1,41,58.17481,-17.17481,,,r^2,0.0242
1,41,58.17481,-17.17481,,,r,0.155563492
1,41,58.17481,-17.17481,,,s,28.10375571
1,41,58.17481,-17.17481,,,,
1,41,58.17481,-17.17481,,,,
2,45,58.15962,-13.15962,,,,
2,45,58.15962,-13.15962,,,,
2,45,58.15962,-13.15962,,,,
2,45,58.15962,-13.15962,,,,
2,45,58.15962,-13.15962,,,,
2,45,58.15962,-13.15962,,,,
2,45,58.15962,-13.15962,,,,
2,45,58.15962,-13.15962,,,,
2,45,58.15962,-13.15962,,,,
2,45,58.15962,-13.15962,,,,
2,45,58.15962,-13.15962,,,,
2,45,58.15962,-13.15962,,,,
2,45,58.15962,-13.15962,,,,
2,45,58.15962,-13.15962,,,,
2,45,58.15962,-13.15962,,,,
2,45,58.15962,-13.15962,,,,
2,45,58.15962,-13.15962,,,,
2,45,58.15962,-13.15962,,,,
2,45,58.15962,-13.15962,,,,
2,45,58.15962,-13.15962,,,,
3,48,58.14443,-10.14443,,,,
3,48,58.14443,-10.14443,,,,
3,48,58.14443,-10.14443,,,,
3,48,58.14443,-10.14443,,,,
3,48,58.14443,-10.14443,,,,
3,48,58.14443,-10.14443,,,,
3,48,58.14443,-10.14443,,,,
3,48,58.14443,-10.14443,,,,
3,48,58.14443,-10.14443,,,,
3,48,58.14443,-10.14443,,,,
3,48,58.14443,-10.14443,,,,
3,48,58.14443,-10.14443,,,,
3,48,58.14443,-10.14443,,,,
3,48,58.14443,-10.14443,,,,
3,48,58.14443,-10.14443,,,,
3,48,58.14443,-10.14443,,,,
3,48,58.14443,-10.14443,,,,
3,48,58.14443,-10.14443,,,,
3,48,58.14443,-10.14443,,,,
3,48,58.14443,-10.14443,,,,
4,51,58.12924,-7.12924,,,,
4,51,58.12924,-7.12924,,,,
4,51,58.12924,-7.12924,,,,
4,51,58.12924,-7.12924,,,,
4,51,58.12924,-7.12924,,,,
4,51,58.12924,-7.12924,,,,
4,51,58.12924,-7.12924,,,,
4,51,58.12924,-7.12924,,,,
4,51,58.12924,-7.12924,,,,
4,51,58.12924,-7.12924,,,,
4,51,58.12924,-7.12924,,,,
4,51,58.12924,-7.12924,,,,
4,51,58.12924,-7.12924,,,,
4,51,58.12924,-7.12924,,,,
4,51,58.12924,-7.12924,,,,
4,51,58.12924,-7.12924,,,,
4,51,58.12924,-7.12924,,,,
4,51,58.12924,-7.12924,,,,
4,51,58.12924,-7.12924,,,,
4,51,58.12924,-7.12924,,,,
5,54,58.11405,-4.11405,,,,
5,54,58.11405,-4.11405,,,,
5,54,58.11405,-4.11405,,,,
5,54,58.11405,-4.11405,,,,
5,54,58.11405,-4.11405,,,,
5,54,58.11405,-4.11405,,,,
5,54,58.11405,-4.11405,,,,
5,54,58.11405,-4.11405,,,,
5,54,58.11405,-4.11405,,,,
5,54,58.11405,-4.11405,,,,
5,54,58.11405,-4.11405,,,,
5,54,58.11405,-4.11405,,,,
5,54,58.11405,-4.11405,,,,
5,54,58.11405,-4.11405,,,,
5,54,58.11405,-4.11405,,,,
5,54,58.11405,-4.11405,,,,
5,54,58.11405,-4.11405,,,,
5,54,58.11405,-4.11405,,,,
5,54,58.11405,-4.11405,,,,
5,54,58.11405,-4.11405,,,,
6,58,58.09886,-0.09886,,,,
6,58,58.09886,-0.09886,,,,
6,58,58.09886,-0.09886,,,,
6,58,58.09886,-0.09886,,,,
6,58,58.09886,-0.09886,,,,
6,58,58.09886,-0.09886,,,,
6,58,58.09886,-0.09886,,,,
6,58,58.09886,-0.09886,,,,
6,58,58.09886,-0.09886,,,,
6,58,58.09886,-0.09886,,,,
6,58,58.09886,-0.09886,,,,
6,58,58.09886,-0.09886,,,,
6,58,58.09886,-0.09886,,,,
6,58,58.09886,-0.09886,,,,
6,58,58.09886,-0.09886,,,,
6,58,58.09886,-0.09886,,,,
6,58,58.09886,-0.09886,,,,
6,58,58.09886,-0.09886,,,,
6,58,58.09886,-0.09886,,,,
6,58,58.09886,-0.09886,,,,
7,61,58.08367,2.91633,,,,
7,61,58.08367,2.91633,,,,
7,61,58.08367,2.91633,,,,
7,61,58.08367,2.91633,,,,
7,61,58.08367,2.91633,,,,
7,61,58.08367,2.91633,,,,
7,61,58.08367,2.91633,,,,
7,61,58.08367,2.91633,,,,
7,61,58.08367,2.91633,,,,
7,61,58.08367,2.91633,,,,
7,61,58.08367,2.91633,,,,
7,61,58.08367,2.91633,,,,
7,61,58.08367,2.91633,,,,
7,61,58.08367,2.91633,,,,
7,61,58.08367,2.91633,,,,
7,61,58.08367,2.91633,,,,
7,61,58.08367,2.91633,,,,
7,61,58.08367,2.91633,,,,
7,61,58.08367,2.91633,,,,
7,61,58.08367,2.91633,,,,
8,64,58.06848,5.93152,,,,
8,64,58.06848,5.93152,,,,
8,64,58.06848,5.93152,,,,
8,64,58.06848,5.93152,,,,
8,64,58.06848,5.93152,,,,
8,64,58.06848,5.93152,,,,
8,64,58.06848,5.93152,,,,
8,64,58.06848,5.93152,,,,
8,64,58.06848,5.93152,,,,
8,64,58.06848,5.93152,,,,
8,64,58.06848,5.93152,,,,
8,64,58.06848,5.93152,,,,
8,64,58.06848,5.93152,,,,
8,64,58.06848,5.93152,,,,
8,64,58.06848,5.93152,,,,
8,64,58.06848,5.93152,,,,
8,64,58.06848,5.93152,,,,
8,64,58.06848,5.93152,,,,
8,64,58.06848,5.93152,,,,
8,64,58.06848,5.93152,,,,
9,68,58.05329,9.94671,,,,
9,68,58.05329,9.94671,,,,
9,68,58.05329,9.94671,,,,
9,68,58.05329,9.94671,,,,
9,68,58.05329,9.94671,,,,
9,68,58.05329,9.94671,,,,
9,68,58.05329,9.94671,,,,
9,68,58.05329,9.94671,,,,
9,68,58.05329,9.94671,,,,
9,68,58.05329,9.94671,,,,
9,68,58.05329,9.94671,,,,
9,68,58.05329,9.94671,,,,
9,68,58.05329,9.94671,,,,
9,68,58.05329,9.94671,,,,
9,68,58.05329,9.94671,,,,
9,68,58.05329,9.94671,,,,
9,68,58.05329,9.94671,,,,
9,68,58.05329,9.94671,,,,
9,68,58.05329,9.94671,,,,
9,68,58.05329,9.94671,,,,
10,71,58.0381,12.9619,,,,
10,71,58.0381,12.9619,,,,
10,71,58.0381,12.9619,,,,
10,71,58.0381,12.9619,,,,
10,71,58.0381,12.9619,,,,
10,71,58.0381,12.9619,,,,
10,71,58.0381,12.9619,,,,
10,71,58.0381,12.9619,,,,
10,71,58.0381,12.9619,,,,
10,71,58.0381,12.9619,,,,
10,71,58.0381,12.9619,,,,
10,71,58.0381,12.9619,,,,
10,71,58.0381,12.9619,,,,
10,71,58.0381,12.9619,,,,
10,71,58.0381,12.9619,,,,
10,71,58.0381,12.9619,,,,
10,71,58.0381,12.9619,,,,
10,71,58.0381,12.9619,,,,
10,71,58.0381,12.9619,,,,
10,71,58.0381,12.9619,,,,
11,74,58.02291,15.97709,,,,
11,74,58.02291,15.97709,,,,
11,74,58.02291,15.97709,,,,
11,74,58.02291,15.97709,,,,
11,74,58.02291,15.97709,,,,
11,74,58.02291,15.97709,,,,
11,74,58.02291,15.97709,,,,
11,74,58.02291,15.97709,,,,
11,74,58.02291,15.97709,,,,
11,74,58.02291,15.97709,,,,
11,74,58.02291,15.97709,,,,
11,74,58.02291,15.97709,,,,
11,74,58.02291,15.97709,,,,
11,74,58.02291,15.97709,,,,
11,74,58.02291,15.97709,,,,
11,74,58.02291,15.97709,,,,
11,74,58.02291,15.97709,,,,
11,74,58.02291,15.97709,,,,
11,74,58.02291,15.97709,,,,
11,74,58.02291,15.97709,,,,
12,77,58.00772,18.99228,,,,
12,77,58.00772,18.99228,,,,
12,77,58.00772,18.99228,,,,
12,77,58.00772,18.99228,,,,
12,77,58.00772,18.99228,,,,
12,77,58.00772,18.99228,,,,
12,77,58.00772,18.99228,,,,
12,77,58.00772,18.99228,,,,
12,77,58.00772,18.99228,,,,
12,77,58.00772,18.99228,,,,
12,77,58.00772,18.99228,,,,
12,77,58.00772,18.99228,,,,
12,77,58.00772,18.99228,,,,
12,77,58.00772,18.99228,,,,
12,77,58.00772,18.99228,,,,
12,77,58.00772,18.99228,,,,
12,77,58.00772,18.99228,,,,
12,77,58.00772,18.99228,,,,
12,77,58.00772,18.99228,,,,
12,77,58.00772,18.99228,,,,
13,81,57.99253,23.00747,,,,
13,81,57.99253,23.00747,,,,
13,81,57.99253,23.00747,,,,
13,81,57.99253,23.00747,,,,
13,81,57.99253,23.00747,,,,
13,81,57.99253,23.00747,,,,
13,81,57.99253,23.00747,,,,
13,81,57.99253,23.00747,,,,
13,81,57.99253,23.00747,,,,
13,81,57.99253,23.00747,,,,
13,81,57.99253,23.00747,,,,
13,81,57.99253,23.00747,,,,
13,81,57.99253,23.00747,,,,
13,81,57.99253,23.00747,,,,
13,81,57.99253,23.00747,,,,
13,81,57.99253,23.00747,,,,
13,81,57.99253,23.00747,,,,
13,81,57.99253,23.00747,,,,
13,81,57.99253,23.00747,,,,
13,81,57.99253,23.00747,,,,
14,84,57.97734,26.02266,,,,
14,84,57.97734,26.02266,,,,
14,84,57.97734,26.02266,,,,
14,84,57.97734,26.02266,,,,
14,84,57.97734,26.02266,,,,
14,84,57.97734,26.02266,,,,
14,84,57.97734,26.02266,,,,
14,84,57.97734,26.02266,,,,
14,84,57.97734,26.02266,,,,
14,84,57.97734,26.02266,,,,
14,84,57.97734,26.02266,,,,
14,84,57.97734,26.02266,,,,
14,84,57.97734,26.02266,,,,
14,84,57.97734,26.02266,,,,
14,84,57.97734,26.02266,,,,
14,84,57.97734,26.02266,,,,
14,84,57.97734,26.02266,,,,
14,84,57.97734,26.02266,,,,
14,84,57.97734,26.02266,,,,
14,84,57.97734,26.02266,,,,
15,87,57.96215,29.03785,,,,
15,87,57.96215,29.03785,,,,
15,87,57.96215,29.03785,,,,
15,87,57.96215,29.03785,,,,
15,87,57.96215,29.03785,,,,
15,87,57.96215,29.03785,,,,
15,87,57.96215,29.03785,,,,
15,87,57.96215,29.03785,,,,
15,87,57.96215,29.03785,,,,
15,87,57.96215,29.03785,,,,
15,87,57.96215,29.03785,,,,
15,87,57.96215,29.03785,,,,
15,87,57.96215,29.03785,,,,
15,87,57.96215,29.03785,,,,
15,87,57.96215,29.03785,,,,
15,87,57.96215,29.03785,,,,
15,87,57.96215,29.03785,,,,
15,87,57.96215,29.03785,,,,
15,87,57.96215,29.03785,,,,
15,87,57.96215,29.03785,,,,
16,90,57.94696,32.05304,,,,
16,90,57.94696,32.05304,,,,
16,90,57.94696,32.05304,,,,
16,90,57.94696,32.05304,,,,
16,90,57.94696,32.05304,,,,
16,90,57.94696,32.05304,,,,
16,90,57.94696,32.05304,,,,
16,90,57.94696,32.05304,,,,
16,90,57.94696,32.05304,,,,
16,90,57.94696,32.05304,,,,
16,90,57.94696,32.05304,,,,
16,90,57.94696,32.05304,,,,
16,90,57.94696,32.05304,,,,
16,90,57.94696,32.05304,,,,
16,90,57.94696,32.05304,,,,
16,90,57.94696,32.05304,,,,
16,90,57.94696,32.05304,,,,
16,90,57.94696,32.05304,,,,
16,90,57.94696,32.05304,,,,
16,90,57.94696,32.05304,,,,
17,94,57.93177,36.06823,,,,
17,94,57.93177,36.06823,,,,
17,94,57.93177,36.06823,,,,
17,94,57.93177,36.06823,,,,
17,94,57.93177,36.06823,,,,
17,94,57.93177,36.06823,,,,
17,94,57.93177,36.06823,,,,
17,94,57.93177,36.06823,,,,
17,94,57.93177,36.06823,,,,
17,94,57.93177,36.06823,,,,
17,94,57.93177,36.06823,,,,
17,94,57.93177,36.06823,,,,
17,94,57.93177,36.06823,,,,
17,94,57.93177,36.06823,,,,
17,94,57.93177,36.06823,,,,
17,94,57.93177,36.06823,,,,
17,94,57.93177,36.06823,,,,
17,94,57.93177,36.06823,,,,
17,94,57.93177,36.06823,,,,
17,94,57.93177,36.06823,,,,
18,97,57.91658,39.08342,,,,
18,97,57.91658,39.08342,,,,
18,97,57.91658,39.08342,,,,
18,97,57.91658,39.08342,,,,
18,97,57.91658,39.08342,,,,
18,97,57.91658,39.08342,,,,
18,97,57.91658,39.08342,,,,
18,97,57.91658,39.08342,,,,
18,97,57.91658,39.08342,,,,
18,97,57.91658,39.08342,,,,
18,97,57.91658,39.08342,,,,
18,97,57.91658,39.08342,,,,
18,97,57.91658,39.08342,,,,
18,97,57.91658,39.08342,,,,
18,97,57.91658,39.08342,,,,
18,97,57.91658,39.08342,,,,
18,97,57.91658,39.08342,,,,
18,97,57.91658,39.08342,,,,
18,97,57.91658,39.08342,,,,
18,97,57.91658,39.08342,,,,
19,100,57.90139,42.09861,,,,
19,100,57.90139,42.09861,,,,
19,100,57.90139,42.09861,,,,
19,100,57.90139,42.09861,,,,
19,100,57.90139,42.09861,,,,
19,100,57.90139,42.09861,,,,
19,100,57.90139,42.09861,,,,
19,100,57.90139,42.09861,,,,
19,100,57.90139,42.09861,,,,
19,100,57.90139,42.09861,,,,
19,100,57.90139,42.09861,,,,
19,100,57.90139,42.09861,,,,
19,100,57.90139,42.09861,,,,
19,100,57.90139,42.09861,,,,
19,100,57.90139,42.09861,,,,
19,100,57.90139,42.09861,,,,
19,100,57.90139,42.09861,,,,
19,100,57.90139,42.09861,,,,
19,100,57.90139,42.09861,,,,
19,100,57.90139,42.09861,,,,
20,2,57.8862,-55.8862,,,,
20,2,57.8862,-55.8862,,,,
20,2,57.8862,-55.8862,,,,
20,2,57.8862,-55.8862,,,,
20,2,57.8862,-55.8862,,,,
20,2,57.8862,-55.8862,,,,
20,2,57.8862,-55.8862,,,,
20,2,57.8862,-55.8862,,,,
20,2,57.8862,-55.8862,,,,
20,2,57.8862,-55.8862,,,,
20,2,57.8862,-55.8862,,,,
20,2,57.8862,-55.8862,,,,
20,2,57.8862,-55.8862,,,,
20,2,57.8862,-55.8862,,,,
20,2,57.8862,-55.8862,,,,
20,2,57.8862,-55.8862,,,,
20,2,57.8862,-55.8862,,,,
20,2,57.8862,-55.8862,,,,
20,2,57.8862,-55.8862,,,,
20,2,57.8862,-55.8862,,,,
21,6,57.87101,-51.87101,,,,
21,6,57.87101,-51.87101,,,,
21,6,57.87101,-51.87101,,,,
21,6,57.87101,-51.87101,,,,
21,6,57.87101,-51.87101,,,,
21,6,57.87101,-51.87101,,,,
21,6,57.87101,-51.87101,,,,
21,6,57.87101,-51.87101,,,,
21,6,57.87101,-51.87101,,,,
21,6,57.87101,-51.87101,,,,
21,6,57.87101,-51.87101,,,,
21,6,57.87101,-51.87101,,,,
21,6,57.87101,-51.87101,,,,
21,6,57.87101,-51.87101,,,,
21,6,57.87101,-51.87101,,,,
21,6,57.87101,-51.87101,,,,
21,6,57.87101,-51.87101,,,,
21,6,57.87101,-51.87101,,,,
21,6,57.87101,-51.87101,,,,
21,6,57.87101,-51.87101,,,,
22,9,57.85582,-48.85582,,,,
22,9,57.85582,-48.85582,,,,
22,9,57.85582,-48.85582,,,,
22,9,57.85582,-48.85582,,,,
22,9,57.85582,-48.85582,,,,
22,9,57.85582,-48.85582,,,,
22,9,57.85582,-48.85582,,,,
22,9,57.85582,-48.85582,,,,
22,9,57.85582,-48.85582,,,,
22,9,57.85582,-48.85582,,,,
22,9,57.85582,-48.85582,,,,
22,9,57.85582,-48.85582,,,,
22,9,57.85582,-48.85582,,,,
22,9,57.85582,-48.85582,,,,
22,9,57.85582,-48.85582,,,,
22,9,57.85582,-48.85582,,,,
22,9,57.85582,-48.85582,,,,
22,9,57.85582,-48.85582,,,,
22,9,57.85582,-48.85582,,,,
22,9,57.85582,-48.85582,,,,
23,12,57.84063,-45.84063,,,,
23,12,57.84063,-45.84063,,,,
23,12,57.84063,-45.84063,,,,
23,12,57.84063,-45.84063,,,,
23,12,57.84063,-45.84063,,,,
23,12,57.84063,-45.84063,,,,
23,12,57.84063,-45.84063,,,,
23,12,57.84063,-45.84063,,,,
23,12,57.84063,-45.84063,,,,
23,12,57.84063,-45.84063,,,,
23,12,57.84063,-45.84063,,,,
23,12,57.84063,-45.84063,,,,
23,12,57.84063,-45.84063,,,,
23,12,57.84063,-45.84063,,,,
23,12,57.84063,-45.84063,,,,
23,12,57.84063,-45.84063,,,,
23,12,57.84063,-45.84063,,,,
23,12,57.84063,-45.84063,,,,
23,12,57.84063,-45.84063,,,,
23,12,57.84063,-45.84063,,,,
24,15,57.82544,-42.82544,,,,
24,15,57.82544,-42.82544,,,,
24,15,57.82544,-42.82544,,,,
24,15,57.82544,-42.82544,,,,
24,15,57.82544,-42.82544,,,,
24,15,57.82544,-42.82544,,,,
24,15,57.82544,-42.82544,,,,
24,15,57.82544,-42.82544,,,,
24,15,57.82544,-42.82544,,,,
24,15,57.82544,-42.82544,,,,
24,15,57.82544,-42.82544,,,,
24,15,57.82544,-42.82544,,,,
24,15,57.82544,-42.82544,,,,
24,15,57.82544,-42.82544,,,,
24,15,57.82544,-42.82544,,,,
24,15,57.82544,-42.82544,,,,
24,15,57.82544,-42.82544,,,,
24,15,57.82544,-42.82544,,,,
24,15,57.82544,-42.82544,,,,
24,15,57.82544,-42.82544,,,,
25,19,57.81025,-38.81025,,,,
25,19,57.81025,-38.81025,,,,
25,19,57.81025,-38.81025,,,,
25,19,57.81025,-38.81025,,,,
25,19,57.81025,-38.81025,,,,
25,19,57.81025,-38.81025,,,,
25,19,57.81025,-38.81025,,,,
25,19,57.81025,-38.81025,,,,
25,19,57.81025,-38.81025,,,,
25,19,57.81025,-38.81025,,,,
25,19,57.81025,-38.81025,,,,
25,19,57.81025,-38.81025,,,,
25,19,57.81025,-38.81025,,,,
25,19,57.81025,-38.81025,,,,
25,19,57.81025,-38.81025,,,,
25,19,57.81025,-38.81025,,,,
25,19,57.81025,-38.81025,,,,
25,19,57.81025,-38.81025,,,,
25,19,57.81025,-38.81025,,,,
25,19,57.81025,-38.81025,,,,
26,22,57.79506,-35.79506,,,,
26,22,57.79506,-35.79506,,,,
26,22,57.79506,-35.79506,,,,
26,22,57.79506,-35.79506,,,,
26,22,57.79506,-35.79506,,,,
26,22,57.79506,-35.79506,,,,
26,22,57.79506,-35.79506,,,,
26,22,57.79506,-35.79506,,,,
26,22,57.79506,-35.79506,,,,
26,22,57.79506,-35.79506,,,,
26,22,57.79506,-35.79506,,,,
26,22,57.79506,-35.79506,,,,
26,22,57.79506,-35.79506,,,,
26,22,57.79506,-35.79506,,,,
26,22,57.79506,-35.79506,,,,
26,22,57.79506,-35.79506,,,,
26,22,57.79506,-35.79506,,,,
26,22,57.79506,-35.79506,,,,
26,22,57.79506,-35.79506,,,,
26,22,57.79506,-35.79506,,,,
27,25,57.77987,-32.77987,,,,
27,25,57.77987,-32.77987,,,,
27,25,57.77987,-32.77987,,,,
27,25,57.77987,-32.77987,,,,
27,25,57.77987,-32.77987,,,,
27,25,57.77987,-32.77987,,,,
27,25,57.77987,-32.77987,,,,
27,25,57.77987,-32.77987,,,,
27,25,57.77987,-32.77987,,,,
27,25,57.77987,-32.77987,,,,
27,25,57.77987,-32.77987,,,,
27,25,57.77987,-32.77987,,,,
27,25,57.77987,-32.77987,,,,
27,25,57.77987,-32.77987,,,,
27,25,57.77987,-32.77987,,,,
27,25,57.77987,-32.77987,,,,
27,25,57.77987,-32.77987,,,,
27,25,57.77987,-32.77987,,,,
27,25,57.77987,-32.77987,,,,
27,25,57.77987,-32.77987,,,,
28,29,57.76468,-28.76468,,,,
28,29,57.76468,-28.76468,,,,
28,29,57.76468,-28.76468,,,,
28,29,57.76468,-28.76468,,,,
28,29,57.76468,-28.76468,,,,
28,29,57.76468,-28.76468,,,,
28,29,57.76468,-28.76468,,,,
28,29,57.76468,-28.76468,,,,
28,29,57.76468,-28.76468,,,,
28,29,57.76468,-28.76468,,,,
28,29,57.76468,-28.76468,,,,
28,29,57.76468,-28.76468,,,,
28,29,57.76468,-28.76468,,,,
28,29,57.76468,-28.76468,,,,
28,29,57.76468,-28.76468,,,,
28,29,57.76468,-28.76468,,,,
28,29,57.76468,-28.76468,,,,
28,29,57.76468,-28.76468,,,,
28,29,57.76468,-28.76468,,,,
28,29,57.76468,-28.76468,,,,
29,32,57.74949,-25.74949,,,,
29,32,57.74949,-25.74949,,,,
29,32,57.74949,-25.74949,,,,
29,32,57.74949,-25.74949,,,,
29,32,57.74949,-25.74949,,,,
29,32,57.74949,-25.74949,,,,
29,32,57.74949,-25.74949,,,,
29,32,57.74949,-25.74949,,,,
29,32,57.74949,-25.74949,,,,
29,32,57.74949,-25.74949,,,,
29,32,57.74949,-25.74949,,,,
29,32,57.74949,-25.74949,,,,
29,32,57.74949,-25.74949,,,,
29,32,57.74949,-25.74949,,,,
29,32,57.74949,-25.74949,,,,
29,32,57.74949,-25.74949,,,,
29,32,57.74949,-25.74949,,,,
29,32,57.74949,-25.74949,,,,
29,32,57.74949,-25.74949,,,,
29,32,57.74949,-25.74949,,,,
30,35,57.7343,-22.7343,,,,
30,35,57.7343,-22.7343,,,,
30,35,57.7343,-22.7343,,,,
30,35,57.7343,-22.7343,,,,
30,35,57.7343,-22.7343,,,,
30,35,57.7343,-22.7343,,,,
30,35,57.7343,-22.7343,,,,
30,35,57.7343,-22.7343,,,,
30,35,57.7343,-22.7343,,,,
30,35,57.7343,-22.7343,,,,
30,35,57.7343,-22.7343,,,,
30,35,57.7343,-22.7343,,,,
30,35,57.7343,-22.7343,,,,
30,35,57.7343,-22.7343,,,,
30,35,57.7343,-22.7343,,,,
30,35,57.7343,-22.7343,,,,
30,35,57.7343,-22.7343,,,,
30,35,57.7343,-22.7343,,,,
30,35,57.7343,-22.7343,,,,
30,35,57.7343,-22.7343,,,,
31,38,57.71911,-19.71911,,,,
31,38,57.71911,-19.71911,,,,
31,38,57.71911,-19.71911,,,,
31,38,57.71911,-19.71911,,,,
31,38,57.71911,-19.71911,,,,
31,38,57.71911,-19.71911,,,,
31,38,57.71911,-19.71911,,,,
31,38,57.71911,-19.71911,,,,
31,38,57.71911,-19.71911,,,,
31,38,57.71911,-19.71911,,,,
31,38,57.71911,-19.71911,,,,
31,38,57.71911,-19.71911,,,,
31,38,57.71911,-19.71911,,,,
31,38,57.71911,-19.71911,,,,
31,38,57.71911,-19.71911,,,,
31,38,57.71911,-19.71911,,,,
31,38,57.71911,-19.71911,,,,
31,38,57.71911,-19.71911,,,,
31,38,57.71911,-19.71911,,,,
31,38,57.71911,-19.71911,,,,
32,42,57.70392,-15.70392,,,,
32,42,57.70392,-15.70392,,,,
32,42,57.70392,-15.70392,,,,
32,42,57.70392,-15.70392,,,,
32,42,57.70392,-15.70392,,,,
32,42,57.70392,-15.70392,,,,
32,42,57.70392,-15.70392,,,,
32,42,57.70392,-15.70392,,,,
32,42,57.70392,-15.70392,,,,
32,42,57.70392,-15.70392,,,,
32,42,57.70392,-15.70392,,,,
32,42,57.70392,-15.70392,,,,
32,42,57.70392,-15.70392,,,,
32,42,57.70392,-15.70392,,,,
32,42,57.70392,-15.70392,,,,
32,42,57.70392,-15.70392,,,,
32,42,57.70392,-15.70392,,,,
32,42,57.70392,-15.70392,,,,
32,42,57.70392,-15.70392,,,,
32,42,57.70392,-15.70392,,,,
33,45,57.68873,-12.68873,,,,
33,45,57.68873,-12.68873,,,,
33,45,57.68873,-12.68873,,,,
33,45,57.68873,-12.68873,,,,
33,45,57.68873,-12.68873,,,,
33,45,57.68873,-12.68873,,,,
33,45,57.68873,-12.68873,,,,
33,45,57.68873,-12.68873,,,,
33,45,57.68873,-12.68873,,,,
33,45,57.68873,-12.68873,,,,
33,45,57.68873,-12.68873,,,,
33,45,57.68873,-12.68873,,,,
33,45,57.68873,-12.68873,,,,
33,45,57.68873,-12.68873,,,,
33,45,57.68873,-12.68873,,,,
33,45,57.68873,-12.68873,,,,
33,45,57.68873,-12.68873,,,,
33,45,57.68873,-12.68873,,,,
33,45,57.68873,-12.68873,,,,
33,45,57.68873,-12.68873,,,,
34,48,57.67354,-9.67354,,,,
34,48,57.67354,-9.67354,,,,
34,48,57.67354,-9.67354,,,,
34,48,57.67354,-9.67354,,,,
34,48,57.67354,-9.67354,,,,
34,48,57.67354,-9.67354,,,,
34,48,57.67354,-9.67354,,,,
34,48,57.67354,-9.67354,,,,
34,48,57.67354,-9.67354,,,,
34,48,57.67354,-9.67354,,,,
34,48,57.67354,-9.67354,,,,
34,48,57.67354,-9.67354,,,,
34,48,57.67354,-9.67354,,,,
34,48,57.67354,-9.67354,,,,
34,48,57.67354,-9.67354,,,,
34,48,57.67354,-9.67354,,,,
34,48,57.67354,-9.67354,,,,
34,48,57.67354,-9.67354,,,,
34,48,57.67354,-9.67354,,,,
34,48,57.67354,-9.67354,,,,
35,51,57.65835,-6.65835,,,,
35,51,57.65835,-6.65835,,,,
35,51,57.65835,-6.65835,,,,
35,51,57.65835,-6.65835,,,,
35,51,57.65835,-6.65835,,,,
35,51,57.65835,-6.65835,,,,
35,51,57.65835,-6.65835,,,,
35,51,57.65835,-6.65835,,,,
35,51,57.65835,-6.65835,,,,
35,51,57.65835,-6.65835,,,,
35,51,57.65835,-6.65835,,,,
35,51,57.65835,-6.65835,,,,
35,51,57.65835,-6.65835,,,,
35,51,57.65835,-6.65835,,,,
35,51,57.65835,-6.65835,,,,
35,51,57.65835,-6.65835,,,,
35,51,57.65835,-6.65835,,,,
35,51,57.65835,-6.65835,,,,
35,51,57.65835,-6.65835,,,,
35,51,57.65835,-6.65835,,,,
36,55,57.64316,-2.64316,,,,
36,55,57.64316,-2.64316,,,,
36,55,57.64316,-2.64316,,,,
36,55,57.64316,-2.64316,,,,
36,55,57.64316,-2.64316,,,,
36,55,57.64316,-2.64316,,,,
36,55,57.64316,-2.64316,,,,
36,55,57.64316,-2.64316,,,,
36,55,57.64316,-2.64316,,,,
36,55,57.64316,-2.64316,,,,
36,55,57.64316,-2.64316,,,,
36,55,57.64316,-2.64316,,,,
36,55,57.64316,-2.64316,,,,
36,55,57.64316,-2.64316,,,,
36,55,57.64316,-2.64316,,,,
36,55,57.64316,-2.64316,,,,
36,55,57.64316,-2.64316,,,,
36,55,57.64316,-2.64316,,,,
36,55,57.64316,-2.64316,,,,
36,55,57.64316,-2.64316,,,,
37,58,57.62797,0.37203,,,,
37,58,57.62797,0.37203,,,,
37,58,57.62797,0.37203,,,,
37,58,57.62797,0.37203,,,,
37,58,57.62797,0.37203,,,,
37,58,57.62797,0.37203,,,,
37,58,57.62797,0.37203,,,,
37,58,57.62797,0.37203,,,,
37,58,57.62797,0.37203,,,,
37,58,57.62797,0.37203,,,,
37,58,57.62797,0.37203,,,,
37,58,57.62797,0.37203,,,,
37,58,57.62797,0.37203,,,,
37,58,57.62797,0.37203,,,,
37,58,57.62797,0.37203,,,,
37,58,57.62797,0.37203,,,,
37,58,57.62797,0.37203,,,,
37,58,57.62797,0.37203,,,,
37,58,57.62797,0.37203,,,,
37,58,57.62797,0.37203,,,,
38,61,57.61278,3.38722,,,,
38,61,57.61278,3.38722,,,,
38,61,57.61278,3.38722,,,,
38,61,57.61278,3.38722,,,,
38,61,57.61278,3.38722,,,,
38,61,57.61278,3.38722,,,,
38,61,57.61278,3.38722,,,,
38,61,57.61278,3.38722,,,,
38,61,57.61278,3.38722,,,,
38,61,57.61278,3.38722,,,,
38,61,57.61278,3.38722,,,,
38,61,57.61278,3.38722,,,,
38,61,57.61278,3.38722,,,,
38,61,57.61278,3.38722,,,,
38,61,57.61278,3.38722,,,,
38,61,57.61278,3.38722,,,,
38,61,57.61278,3.38722,,,,
38,61,57.61278,3.38722,,,,
38,61,57.61278,3.38722,,,,
38,61,57.61278,3.38722,,,,
39,64,57.59759,6.40241,,,,
39,64,57.59759,6.40241,,,,
39,64,57.59759,6.40241,,,,
39,64,57.59759,6.40241,,,,
39,64,57.59759,6.40241,,,,
39,64,57.59759,6.40241,,,,
39,64,57.59759,6.40241,,,,
39,64,57.59759,6.40241,,,,
39,64,57.59759,6.40241,,,,
39,64,57.59759,6.40241,,,,
39,64,57.59759,6.40241,,,,
39,64,57.59759,6.40241,,,,
39,64,57.59759,6.40241,,,,
39,64,57.59759,6.40241,,,,
39,64,57.59759,6.40241,,,,
39,64,57.59759,6.40241,,,,
39,64,57.59759,6.40241,,,,
39,64,57.59759,6.40241,,,,
39,64,57.59759,6.40241,,,,
39,64,57.59759,6.40241,,,,
40,68,57.5824,10.4176,,,,
40,68,57.5824,10.4176,,,,
40,68,57.5824,10.4176,,,,
40,68,57.5824,10.4176,,,,
40,68,57.5824,10.4176,,,,
40,68,57.5824,10.4176,,,,
40,68,57.5824,10.4176,,,,
40,68,57.5824,10.4176,,,,
40,68,57.5824,10.4176,,,,
40,68,57.5824,10.4176,,,,
40,68,57.5824,10.4176,,,,
40,68,57.5824,10.4176,,,,
40,68,57.5824,10.4176,,,,
40,68,57.5824,10.4176,,,,
40,68,57.5824,10.4176,,,,
40,68,57.5824,10.4176,,,,
40,68,57.5824,10.4176,,,,
40,68,57.5824,10.4176,,,,
40,68,57.5824,10.4176,,,,
40,68,57.5824,10.4176,,,,
41,71,57.56721,13.43279,,,,
41,71,57.56721,13.43279,,,,
41,71,57.56721,13.43279,,,,
41,71,57.56721,13.43279,,,,
41,71,57.56721,13.43279,,,,
41,71,57.56721,13.43279,,,,
41,71,57.56721,13.43279,,,,
41,71,57.56721,13.43279,,,,
41,71,57.56721,13.43279,,,,
41,71,57.56721,13.43279,,,,
41,71,57.56721,13.43279,,,,
41,71,57.56721,13.43279,,,,
41,71,57.56721,13.43279,,,,
41,71,57.56721,13.43279,,,,
41,71,57.56721,13.43279,,,,
41,71,57.56721,13.43279,,,,
41,71,57.56721,13.43279,,,,
41,71,57.56721,13.43279,,,,
41,71,57.56721,13.43279,,,,
41,71,57.56721,13.43279,,,,
42,74,57.55202,16.44798,,,,
42,74,57.55202,16.44798,,,,
42,74,57.55202,16.44798,,,,
42,74,57.55202,16.44798,,,,
42,74,57.55202,16.44798,,,,
42,74,57.55202,16.44798,,,,
42,74,57.55202,16.44798,,,,
42,74,57.55202,16.44798,,,,
42,74,57.55202,16.44798,,,,
42,74,57.55202,16.44798,,,,
42,74,57.55202,16.44798,,,,
42,74,57.55202,16.44798,,,,
42,74,57.55202,16.44798,,,,
42,74,57.55202,16.44798,,,,
42,74,57.55202,16.44798,,,,
42,74,57.55202,16.44798,,,,
42,74,57.55202,16.44798,,,,
42,74,57.55202,16.44798,,,,
42,74,57.55202,16.44798,,,,
42,74,57.55202,16.44798,,,,
43,78,57.53683,20.46317,,,,
43,78,57.53683,20.46317,,,,
43,78,57.53683,20.46317,,,,
43,78,57.53683,20.46317,,,,
43,78,57.53683,20.46317,,,,
43,78,57.53683,20.46317,,,,
43,78,57.53683,20.46317,,,,
43,78,57.53683,20.46317,,,,
43,78,57.53683,20.46317,,,,
43,78,57.53683,20.46317,,,,
43,78,57.53683,20.46317,,,,
43,78,57.53683,20.46317,,,,
43,78,57.53683,20.46317,,,,
43,78,57.53683,20.46317,,,,
43,78,57.53683,20.46317,,,,
43,78,57.53683,20.46317,,,,
43,78,57.53683,20.46317,,,,
43,78,57.53683,20.46317,,,,
43,78,57.53683,20.46317,,,,
43,78,57.53683,20.46317,,,,
44,81,57.52164,23.47836,,,,
44,81,57.52164,23.47836,,,,
44,81,57.52164,23.47836,,,,
44,81,57.52164,23.47836,,,,
44,81,57.52164,23.47836,,,,
44,81,57.52164,23.47836,,,,
44,81,57.52164,23.47836,,,,
44,81,57.52164,23.47836,,,,
44,81,57.52164,23.47836,,,,
44,81,57.52164,23.47836,,,,
44,81,57.52164,23.47836,,,,
44,81,57.52164,23.47836,,,,
44,81,57.52164,23.47836,,,,
44,81,57.52164,23.47836,,,,
44,81,57.52164,23.47836,,,,
44,81,57.52164,23.47836,,,,
44,81,57.52164,23.47836,,,,
44,81,57.52164,23.47836,,,,
44,81,57.52164,23.47836,,,,
44,81,57.52164,23.47836,,,,
45,84,57.50645,26.49355,,,,
45,84,57.50645,26.49355,,,,
45,84,57.50645,26.49355,,,,
45,84,57.50645,26.49355,,,,
45,84,57.50645,26.49355,,,,
45,84,57.50645,26.49355,,,,
45,84,57.50645,26.49355,,,,
45,84,57.50645,26.49355,,,,
45,84,57.50645,26.49355,,,,
45,84,57.50645,26.49355,,,,
45,84,57.50645,26.49355,,,,
45,84,57.50645,26.49355,,,,
45,84,57.50645,26.49355,,,,
45,84,57.50645,26.49355,,,,
45,84,57.50645,26.49355,,,,
45,84,57.50645,26.49355,,,,
45,84,57.50645,26.49355,,,,
45,84,57.50645,26.49355,,,,
45,84,57.50645,26.49355,,,,
45,84,57.50645,26.49355,,,,
46,87,57.49126,29.50874,,,,
46,87,57.49126,29.50874,,,,
46,87,57.49126,29.50874,,,,
46,87,57.49126,29.50874,,,,
46,87,57.49126,29.50874,,,,
46,87,57.49126,29.50874,,,,
46,87,57.49126,29.50874,,,,
46,87,57.49126,29.50874,,,,
46,87,57.49126,29.50874,,,,
46,87,57.49126,29.50874,,,,
46,87,57.49126,29.50874,,,,
46,87,57.49126,29.50874,,,,
46,87,57.49126,29.50874,,,,
46,87,57.49126,29.50874,,,,
46,87,57.49126,29.50874,,,,
46,87,57.49126,29.50874,,,,
46,87,57.49126,29.50874,,,,
46,87,57.49126,29.50874,,,,
46,87,57.49126,29.50874,,,,
46,87,57.49126,29.50874,,,,
47,91,57.47607,33.52393,,,,
47,91,57.47607,33.52393,,,,
47,91,57.47607,33.52393,,,,
47,91,57.47607,33.52393,,,,
47,91,57.47607,33.52393,,,,
47,91,57.47607,33.52393,,,,
47,91,57.47607,33.52393,,,,
47,91,57.47607,33.52393,,,,
47,91,57.47607,33.52393,,,,
47,91,57.47607,33.52393,,,,
47,91,57.47607,33.52393,,,,
47,91,57.47607,33.52393,,,,
47,91,57.47607,33.52393,,,,
47,91,57.47607,33.52393,,,,
47,91,57.47607,33.52393,,,,
47,91,57.47607,33.52393,,,,
47,91,57.47607,33.52393,,,,
47,91,57.47607,33.52393,,,,
47,91,57.47607,33.52393,,,,
47,91,57.47607,33.52393,,,,
48,94,57.46088,36.53912,,,,
48,94,57.46088,36.53912,,,,
48,94,57.46088,36.53912,,,,
48,94,57.46088,36.53912,,,,
48,94,57.46088,36.53912,,,,
48,94,57.46088,36.53912,,,,
48,94,57.46088,36.53912,,,,
48,94,57.46088,36.53912,,,,
48,94,57.46088,36.53912,,,,
48,94,57.46088,36.53912,,,,
48,94,57.46088,36.53912,,,,
48,94,57.46088,36.53912,,,,
48,94,57.46088,36.53912,,,,
48,94,57.46088,36.53912,,,,
48,94,57.46088,36.53912,,,,
48,94,57.46088,36.53912,,,,
48,94,57.46088,36.53912,,,,
48,94,57.46088,36.53912,,,,
48,94,57.46088,36.53912,,,,
48,94,57.46088,36.53912,,,,
49,97,57.44569,39.55431,,,,
49,97,57.44569,39.55431,,,,
49,97,57.44569,39.55431,,,,
49,97,57.44569,39.55431,,,,
49,97,57.44569,39.55431,,,,
49,97,57.44569,39.55431,,,,
49,97,57.44569,39.55431,,,,
49,97,57.44569,39.55431,,,,
49,97,57.44569,39.55431,,,,
49,97,57.44569,39.55431,,,,
49,97,57.44569,39.55431,,,,
49,97,57.44569,39.55431,,,,
49,97,57.44569,39.55431,,,,
49,97,57.44569,39.55431,,,,
49,97,57.44569,39.55431,,,,
49,97,57.44569,39.55431,,,,
49,97,57.44569,39.55431,,,,
49,97,57.44569,39.55431,,,,
49,97,57.44569,39.55431,,,,
49,97,57.44569,39.55431,,,,
50,100,57.4305,42.5695,,,,
50,100,57.4305,42.5695,,,,
50,100,57.4305,42.5695,,,,
50,100,57.4305,42.5695,,,,
50,100,57.4305,42.5695,,,,
50,100,57.4305,42.5695,,,,
50,100,57.4305,42.5695,,,,
50,100,57.4305,42.5695,,,,
50,100,57.4305,42.5695,,,,
50,100,57.4305,42.5695,,,,
50,100,57.4305,42.5695,,,,
50,100,57.4305,42.5695,,,,
50,100,57.4305,42.5695,,,,
50,100,57.4305,42.5695,,,,
50,100,57.4305,42.5695,,,,
50,100,57.4305,42.5695,,,,
50,100,57.4305,42.5695,,,,
50,100,57.4305,42.5695,,,,
50,100,57.4305,42.5695,,,,
50,100,57.4305,42.5695,,,,
51,3,57.41531,-54.41531,,,,
51,3,57.41531,-54.41531,,,,
51,3,57.41531,-54.41531,,,,
51,3,57.41531,-54.41531,,,,
51,3,57.41531,-54.41531,,,,
51,3,57.41531,-54.41531,,,,
51,3,57.41531,-54.41531,,,,
51,3,57.41531,-54.41531,,,,
51,3,57.41531,-54.41531,,,,
51,3,57.41531,-54.41531,,,,
51,3,57.41531,-54.41531,,,,
51,3,57.41531,-54.41531,,,,
51,3,57.41531,-54.41531,,,,
51,3,57.41531,-54.41531,,,,
51,3,57.41531,-54.41531,,,,
51,3,57.41531,-54.41531,,,,
51,3,57.41531,-54.41531,,,,
51,3,57.41531,-54.41531,,,,
51,3,57.41531,-54.41531,,,,
51,3,57.41531,-54.41531,,,,
52,6,57.40012,-51.40012,,,,
52,6,57.40012,-51.40012,,,,
52,6,57.40012,-51.40012,,,,
52,6,57.40012,-51.40012,,,,
52,6,57.40012,-51.40012,,,,
52,6,57.40012,-51.40012,,,,
52,6,57.40012,-51.40012,,,,
52,6,57.40012,-51.40012,,,,
52,6,57.40012,-51.40012,,,,
52,6,57.40012,-51.40012,,,,
52,6,57.40012,-51.40012,,,,
52,6,57.40012,-51.40012,,,,
52,6,57.40012,-51.40012,,,,
52,6,57.40012,-51.40012,,,,
52,6,57.40012,-51.40012,,,,
52,6,57.40012,-51.40012,,,,
52,6,57.40012,-51.40012,,,,
52,6,57.40012,-51.40012,,,,
52,6,57.40012,-51.40012,,,,
52,6,57.40012,-51.40012,,,,
53,9,57.38493,-48.38493,,,,
53,9,57.38493,-48.38493,,,,
53,9,57.38493,-48.38493,,,,
53,9,57.38493,-48.38493,,,,
53,9,57.38493,-48.38493,,,,
53,9,57.38493,-48.38493,,,,
53,9,57.38493,-48.38493,,,,
53,9,57.38493,-48.38493,,,,
53,9,57.38493,-48.38493,,,,
53,9,57.38493,-48.38493,,,,
53,9,57.38493,-48.38493,,,,
53,9,57.38493,-48.38493,,,,
53,9,57.38493,-48.38493,,,,
53,9,57.38493,-48.38493,,,,
53,9,57.38493,-48.38493,,,,
53,9,57.38493,-48.38493,,,,
53,9,57.38493,-48.38493,,,,
53,9,57.38493,-48.38493,,,,
53,9,57.38493,-48.38493,,,,
53,9,57.38493,-48.38493,,,,
54,12,57.36974,-45.36974,,,,
54,12,57.36974,-45.36974,,,,
54,12,57.36974,-45.36974,,,,
54,12,57.36974,-45.36974,,,,
54,12,57.36974,-45.36974,,,,
54,12,57.36974,-45.36974,,,,
54,12,57.36974,-45.36974,,,,
54,12,57.36974,-45.36974,,,,
54,12,57.36974,-45.36974,,,,
54,12,57.36974,-45.36974,,,,
54,12,57.36974,-45.36974,,,,
54,12,57.36974,-45.36974,,,,
54,12,57.36974,-45.36974,,,,
54,12,57.36974,-45.36974,,,,
54,12,57.36974,-45.36974,,,,
54,12,57.36974,-45.36974,,,,
54,12,57.36974,-45.36974,,,,
54,12,57.36974,-45.36974,,,,
54,12,57.36974,-45.36974,,,,
54,12,57.36974,-45.36974,,,,
55,16,57.35455,-41.35455,,,,
55,16,57.35455,-41.35455,,,,
55,16,57.35455,-41.35455,,,,
55,16,57.35455,-41.35455,,,,
55,16,57.35455,-41.35455,,,,
55,16,57.35455,-41.35455,,,,
55,16,57.35455,-41.35455,,,,
55,16,57.35455,-41.35455,,,,
55,16,57.35455,-41.35455,,,,
55,16,57.35455,-41.35455,,,,
55,16,57.35455,-41.35455,,,,
55,16,57.35455,-41.35455,,,,
55,16,57.35455,-41.35455,,,,
55,16,57.35455,-41.35455,,,,
55,16,57.35455,-41.35455,,,,
55,16,57.35455,-41.35455,,,,
55,16,57.35455,-41.35455,,,,
55,16,57.35455,-41.35455,,,,
55,16,57.35455,-41.35455,,,,
55,16,57.35455,-41.35455,,,,
56,19,57.33936,-38.33936,,,,
56,19,57.33936,-38.33936,,,,
56,19,57.33936,-38.33936,,,,
56,19,57.33936,-38.33936,,,,
56,19,57.33936,-38.33936,,,,
56,19,57.33936,-38.33936,,,,
56,19,57.33936,-38.33936,,,,
56,19,57.33936,-38.33936,,,,
56,19,57.33936,-38.33936,,,,
56,19,57.33936,-38.33936,,,,
56,19,57.33936,-38.33936,,,,
56,19,57.33936,-38.33936,,,,
56,19,57.33936,-38.33936,,,,
56,19,57.33936,-38.33936,,,,
56,19,57.33936,-38.33936,,,,
56,19,57.33936,-38.33936,,,,
56,19,57.33936,-38.33936,,,,
56,19,57.33936,-38.33936,,,,
56,19,57.33936,-38.33936,,,,
56,19,57.33936,-38.33936,,,,
57,22,57.32417,-35.32417,,,,
57,22,57.32417,-35.32417,,,,
57,22,57.32417,-35.32417,,,,
57,22,57.32417,-35.32417,,,,
57,22,57.32417,-35.32417,,,,
57,22,57.32417,-35.32417,,,,
57,22,57.32417,-35.32417,,,,
57,22,57.32417,-35.32417,,,,
57,22,57.32417,-35.32417,,,,
57,22,57.32417,-35.32417,,,,
57,22,57.32417,-35.32417,,,,
57,22,57.32417,-35.32417,,,,
57,22,57.32417,-35.32417,,,,
57,22,57.32417,-35.32417,,,,
57,22,57.32417,-35.32417,,,,
57,22,57.32417,-35.32417,,,,
57,22,57.32417,-35.32417,,,,
57,22,57.32417,-35.32417,,,,
57,22,57.32417,-35.32417,,,,
57,22,57.32417,-35.32417,,,,
58,26,57.30898,-31.30898,,,,
58,26,57.30898,-31.30898,,,,
58,26,57.30898,-31.30898,,,,
58,26,57.30898,-31.30898,,,,
58,26,57.30898,-31.30898,,,,
58,26,57.30898,-31.30898,,,,
58,26,57.30898,-31.30898,,,,
58,26,57.30898,-31.30898,,,,
58,26,57.30898,-31.30898,,,,
58,26,57.30898,-31.30898,,,,
58,26,57.30898,-31.30898,,,,
58,26,57.30898,-31.30898,,,,
58,26,57.30898,-31.30898,,,,
58,26,57.30898,-31.30898,,,,
58,26,57.30898,-31.30898,,,,
58,26,57.30898,-31.30898,,,,
58,26,57.30898,-31.30898,,,,
58,26,57.30898,-31.30898,,,,
58,26,57.30898,-31.30898,,,,
58,26,57.30898,-31.30898,,,,
59,29,57.29379,-28.29379,,,,
59,29,57.29379,-28.29379,,,,
59,29,57.29379,-28.29379,,,,
59,29,57.29379,-28.29379,,,,
59,29,57.29379,-28.29379,,,,
59,29,57.29379,-28.29379,,,,
59,29,57.29379,-28.29379,,,,
59,29,57.29379,-28.29379,,,,
59,29,57.29379,-28.29379,,,,
59,29,57.29379,-28.29379,,,,
59,29,57.29379,-28.29379,,,,
59,29,57.29379,-28.29379,,,,
59,29,57.29379,-28.29379,,,,
59,29,57.29379,-28.29379,,,,
59,29,57.29379,-28.29379,,,,
59,29,57.29379,-28.29379,,,,
59,29,57.29379,-28.29379,,,,
59,29,57.29379,-28.29379,,,,
59,29,57.29379,-28.29379,,,,
59,29,57.29379,-28.29379,,,,
60,32,57.2786,-25.2786,,,,
60,32,57.2786,-25.2786,,,,
60,32,57.2786,-25.2786,,,,
60,32,57.2786,-25.2786,,,,
60,32,57.2786,-25.2786,,,,
60,32,57.2786,-25.2786,,,,
60,32,57.2786,-25.2786,,,,
60,32,57.2786,-25.2786,,,,
60,32,57.2786,-25.2786,,,,
60,32,57.2786,-25.2786,,,,
60,32,57.2786,-25.2786,,,,
60,32,57.2786,-25.2786,,,,
60,32,57.2786,-25.2786,,,,
60,32,57.2786,-25.2786,,,,
60,32,57.2786,-25.2786,,,,
60,32,57.2786,-25.2786,,,,
60,32,57.2786,-25.2786,,,,
60,32,57.2786,-25.2786,,,,
60,32,57.2786,-25.2786,,,,
60,32,57.2786,-25.2786,,,,
61,35,57.26341,-22.26341,,,,
61,35,57.26341,-22.26341,,,,
61,35,57.26341,-22.26341,,,,
61,35,57.26341,-22.26341,,,,
61,35,57.26341,-22.26341,,,,
61,35,57.26341,-22.26341,,,,
61,35,57.26341,-22.26341,,,,
61,35,57.26341,-22.26341,,,,
61,35,57.26341,-22.26341,,,,
61,35,57.26341,-22.26341,,,,
61,35,57.26341,-22.26341,,,,
61,35,57.26341,-22.26341,,,,
61,35,57.26341,-22.26341,,,,
61,35,57.26341,-22.26341,,,,
61,35,57.26341,-22.26341,,,,
61,35,57.26341,-22.26341,,,,
61,35,57.26341,-22.26341,,,,
61,35,57.26341,-22.26341,,,,
61,35,57.26341,-22.26341,,,,
61,35,57.26341,-22.26341,,,,
62,39,57.24822,-18.24822,,,,
62,39,57.24822,-18.24822,,,,
62,39,57.24822,-18.24822,,,,
62,39,57.24822,-18.24822,,,,
62,39,57.24822,-18.24822,,,,
62,39,57.24822,-18.24822,,,,
62,39,57.24822,-18.24822,,,,
62,39,57.24822,-18.24822,,,,
62,39,57.24822,-18.24822,,,,
62,39,57.24822,-18.24822,,,,
62,39,57.24822,-18.24822,,,,
62,39,57.24822,-18.24822,,,,
62,39,57.24822,-18.24822,,,,
62,39,57.24822,-18.24822,,,,
62,39,57.24822,-18.24822,,,,
62,39,57.24822,-18.24822,,,,
62,39,57.24822,-18.24822,,,,
62,39,57.24822,-18.24822,,,,
62,39,57.24822,-18.24822,,,,
62,39,57.24822,-18.24822,,,,
63,42,57.23303,-15.23303,,,,
63,42,57.23303,-15.23303,,,,
63,42,57.23303,-15.23303,,,,
63,42,57.23303,-15.23303,,,,
63,42,57.23303,-15.23303,,,,
63,42,57.23303,-15.23303,,,,
63,42,57.23303,-15.23303,,,,
63,42,57.23303,-15.23303,,,,
63,42,57.23303,-15.23303,,,,
63,42,57.23303,-15.23303,,,,
63,42,57.23303,-15.23303,,,,
63,42,57.23303,-15.23303,,,,
63,42,57.23303,-15.23303,,,,
63,42,57.23303,-15.23303,,,,
63,42,57.23303,-15.23303,,,,
63,42,57.23303,-15.23303,,,,
63,42,57.23303,-15.23303,,,,
63,42,57.23303,-15.23303,,,,
63,42,57.23303,-15.23303,,,,
63,42,57.23303,-15.23303,,,,
64,45,57.21784,-12.21784,,,,
64,45,57.21784,-12.21784,,,,
64,45,57.21784,-12.21784,,,,
64,45,57.21784,-12.21784,,,,
64,45,57.21784,-12.21784,,,,
64,45,57.21784,-12.21784,,,,
64,45,57.21784,-12.21784,,,,
64,45,57.21784,-12.21784,,,,
64,45,57.21784,-12.21784,,,,
64,45,57.21784,-12.21784,,,,
64,45,57.21784,-12.21784,,,,
64,45,57.21784,-12.21784,,,,
64,45,57.21784,-12.21784,,,,
64,45,57.21784,-12.21784,,,,
64,45,57.21784,-12.21784,,,,
64,45,57.21784,-12.21784,,,,
64,45,57.21784,-12.21784,,,,
64,45,57.21784,-12.21784,,,,
64,45,57.21784,-12.21784,,,,
64,45,57.21784,-12.21784,,,,
65,48,57.20265,-9.20265,,,,
65,48,57.20265,-9.20265,,,,
65,48,57.20265,-9.20265,,,,
65,48,57.20265,-9.20265,,,,
65,48,57.20265,-9.20265,,,,
65,48,57.20265,-9.20265,,,,
65,48,57.20265,-9.20265,,,,
65,48,57.20265,-9.20265,,,,
65,48,57.20265,-9.20265,,,,
65,48,57.20265,-9.20265,,,,
65,48,57.20265,-9.20265,,,,
65,48,57.20265,-9.20265,,,,
65,48,57.20265,-9.20265,,,,
65,48,57.20265,-9.20265,,,,
65,48,57.20265,-9.20265,,,,
65,48,57.20265,-9.20265,,,,
65,48,57.20265,-9.20265,,,,
65,48,57.20265,-9.20265,,,,
65,48,57.20265,-9.20265,,,,
65,48,57.20265,-9.20265,,,,
66,52,57.18746,-5.18746,,,,
66,52,57.18746,-5.18746,,,,
66,52,57.18746,-5.18746,,,,
66,52,57.18746,-5.18746,,,,
66,52,57.18746,-5.18746,,,,
66,52,57.18746,-5.18746,,,,
66,52,57.18746,-5.18746,,,,
66,52,57.18746,-5.18746,,,,
66,52,57.18746,-5.18746,,,,
66,52,57.18746,-5.18746,,,,
66,52,57.18746,-5.18746,,,,
66,52,57.18746,-5.18746,,,,
66,52,57.18746,-5.18746,,,,
66,52,57.18746,-5.18746,,,,
66,52,57.18746,-5.18746,,,,
66,52,57.18746,-5.18746,,,,
66,52,57.18746,-5.18746,,,,
66,52,57.18746,-5.18746,,,,
66,52,57.18746,-5.18746,,,,
66,52,57.18746,-5.18746,,,,
67,55,57.17227,-2.17227,,,,
67,55,57.17227,-2.17227,,,,
67,55,57.17227,-2.17227,,,,
67,55,57.17227,-2.17227,,,,
67,55,57.17227,-2.17227,,,,
67,55,57.17227,-2.17227,,,,
67,55,57.17227,-2.17227,,,,
67,55,57.17227,-2.17227,,,,
67,55,57.17227,-2.17227,,,,
67,55,57.17227,-2.17227,,,,
67,55,57.17227,-2.17227,,,,
67,55,57.17227,-2.17227,,,,
67,55,57.17227,-2.17227,,,,
67,55,57.17227,-2.17227,,,,
67,55,57.17227,-2.17227,,,,
67,55,57.17227,-2.17227,,,,
67,55,57.17227,-2.17227,,,,
67,55,57.17227,-2.17227,,,,
67,55,57.17227,-2.17227,,,,
67,55,57.17227,-2.17227,,,,
68,58,57.15708,0.84292,,,,
68,58,57.15708,0.84292,,,,
68,58,57.15708,0.84292,,,,
68,58,57.15708,0.84292,,,,
68,58,57.15708,0.84292,,,,
68,58,57.15708,0.84292,,,,
68,58,57.15708,0.84292,,,,
68,58,57.15708,0.84292,,,,
68,58,57.15708,0.84292,,,,
68,58,57.15708,0.84292,,,,
68,58,57.15708,0.84292,,,,
68,58,57.15708,0.84292,,,,
68,58,57.15708,0.84292,,,,
68,58,57.15708,0.84292,,,,
68,58,57.15708,0.84292,,,,
68,58,57.15708,0.84292,,,,
68,58,57.15708,0.84292,,,,
68,58,57.15708,0.84292,,,,
68,58,57.15708,0.84292,,,,
68,58,57.15708,0.84292,,,,
69,61,57.14189,3.85811,,,,
69,61,57.14189,3.85811,,,,
69,61,57.14189,3.85811,,,,
69,61,57.14189,3.85811,,,,
69,61,57.14189,3.85811,,,,
69,61,57.14189,3.85811,,,,
69,61,57.14189,3.85811,,,,
69,61,57.14189,3.85811,,,,
69,61,57.14189,3.85811,,,,
69,61,57.14189,3.85811,,,,
69,61,57.14189,3.85811,,,,
69,61,57.14189,3.85811,,,,
69,61,57.14189,3.85811,,,,
69,61,57.14189,3.85811,,,,
69,61,57.14189,3.85811,,,,
69,61,57.14189,3.85811,,,,
69,61,57.14189,3.85811,,,,
69,61,57.14189,3.85811,,,,
69,61,57.14189,3.85811,,,,
69,61,57.14189,3.85811,,,,
70,65,57.1267,7.8733,,,,
70,65,57.1267,7.8733,,,,
70,65,57.1267,7.8733,,,,
70,65,57.1267,7.8733,,,,
70,65,57.1267,7.8733,,,,
70,65,57.1267,7.8733,,,,
70,65,57.1267,7.8733,,,,
70,65,57.1267,7.8733,,,,
70,65,57.1267,7.8733,,,,
70,65,57.1267,7.8733,,,,
70,65,57.1267,7.8733,,,,
70,65,57.1267,7.8733,,,,
70,65,57.1267,7.8733,,,,
70,65,57.1267,7.8733,,,,
70,65,57.1267,7.8733,,,,
70,65,57.1267,7.8733,,,,
70,65,57.1267,7.8733,,,,
70,65,57.1267,7.8733,,,,
70,65,57.1267,7.8733,,,,
70,65,57.1267,7.8733,,,,
71,68,57.11151,10.88849,,,,
71,68,57.11151,10.88849,,,,
71,68,57.11151,10.88849,,,,
71,68,57.11151,10.88849,,,,
71,68,57.11151,10.88849,,,,
71,68,57.11151,10.88849,,,,
71,68,57.11151,10.88849,,,,
71,68,57.11151,10.88849,,,,
71,68,57.11151,10.88849,,,,
71,68,57.11151,10.88849,,,,
71,68,57.11151,10.88849,,,,
71,68,57.11151,10.88849,,,,
71,68,57.11151,10.88849,,,,
71,68,57.11151,10.88849,,,,
71,68,57.11151,10.88849,,,,
71,68,57.11151,10.88849,,,,
71,68,57.11151,10.88849,,,,
71,68,57.11151,10.88849,,,,
71,68,57.11151,10.88849,,,,
71,68,57.11151,10.88849,,,,
72,71,57.09632,13.90368,,,,
72,71,57.09632,13.90368,,,,
72,71,57.09632,13.90368,,,,
72,71,57.09632,13.90368,,,,
72,71,57.09632,13.90368,,,,
72,71,57.09632,13.90368,,,,
72,71,57.09632,13.90368,,,,
72,71,57.09632,13.90368,,,,
72,71,57.09632,13.90368,,,,
72,71,57.09632,13.90368,,,,
72,71,57.09632,13.90368,,,,
72,71,57.09632,13.90368,,,,
72,71,57.09632,13.90368,,,,
72,71,57.09632,13.90368,,,,
72,71,57.09632,13.90368,,,,
72,71,57.09632,13.90368,,,,
72,71,57.09632,13.90368,,,,
72,71,57.09632,13.90368,,,,
72,71,57.09632,13.90368,,,,
72,71,57.09632,13.90368,,,,
73,75,57.08113,17.91887,,,,
73,75,57.08113,17.91887,,,,
73,75,57.08113,17.91887,,,,
73,75,57.08113,17.91887,,,,
73,75,57.08113,17.91887,,,,
73,75,57.08113,17.91887,,,,
73,75,57.08113,17.91887,,,,
73,75,57.08113,17.91887,,,,
73,75,57.08113,17.91887,,,,
73,75,57.08113,17.91887,,,,
73,75,57.08113,17.91887,,,,
73,75,57.08113,17.91887,,,,
73,75,57.08113,17.91887,,,,
73,75,57.08113,17.91887,,,,
73,75,57.08113,17.91887,,,,
73,75,57.08113,17.91887,,,,
73,75,57.08113,17.91887,,,,
73,75,57.08113,17.91887,,,,
73,75,57.08113,17.91887,,,,
73,75,57.08113,17.91887,,,,
74,78,57.06594,20.93406,,,,
74,78,57.06594,20.93406,,,,
74,78,57.06594,20.93406,,,,
74,78,57.06594,20.93406,,,,
74,78,57.06594,20.93406,,,,
74,78,57.06594,20.93406,,,,
74,78,57.06594,20.93406,,,,
74,78,57.06594,20.93406,,,,
74,78,57.06594,20.93406,,,,
74,78,57.06594,20.93406,,,,
74,78,57.06594,20.93406,,,,
74,78,57.06594,20.93406,,,,
74,78,57.06594,20.93406,,,,
74,78,57.06594,20.93406,,,,
74,78,57.06594,20.93406,,,,
74,78,57.06594,20.93406,,,,
74,78,57.06594,20.93406,,,,
74,78,57.06594,20.93406,,,,
74,78,57.06594,20.93406,,,,
74,78,57.06594,20.93406,,,,
75,81,57.05075,23.94925,,,,
75,81,57.05075,23.94925,,,,
75,81,57.05075,23.94925,,,,
75,81,57.05075,23.94925,,,,
75,81,57.05075,23.94925,,,,
75,81,57.05075,23.94925,,,,
75,81,57.05075,23.94925,,,,
75,81,57.05075,23.94925,,,,
75,81,57.05075,23.94925,,,,
75,81,57.05075,23.94925,,,,
75,81,57.05075,23.94925,,,,
75,81,57.05075,23.94925,,,,
75,81,57.05075,23.94925,,,,
75,81,57.05075,23.94925,,,,
75,81,57.05075,23.94925,,,,
75,81,57.05075,23.94925,,,,
75,81,57.05075,23.94925,,,,
75,81,57.05075,23.94925,,,,
75,81,57.05075,23.94925,,,,
75,81,57.05075,23.94925,,,,
76,84,57.03556,26.96444,,,,
76,84,57.03556,26.96444,,,,
76,84,57.03556,26.96444,,,,
76,84,57.03556,26.96444,,,,
76,84,57.03556,26.96444,,,,
76,84,57.03556,26.96444,,,,
76,84,57.03556,26.96444,,,,
76,84,57.03556,26.96444,,,,
76,84,57.03556,26.96444,,,,
76,84,57.03556,26.96444,,,,
76,84,57.03556,26.96444,,,,
76,84,57.03556,26.96444,,,,
76,84,57.03556,26.96444,,,,
76,84,57.03556,26.96444,,,,
76,84,57.03556,26.96444,,,,
76,84,57.03556,26.96444,,,,
76,84,57.03556,26.96444,,,,
76,84,57.03556,26.96444,,,,
76,84,57.03556,26.96444,,,,
76,84,57.03556,26.96444,,,,
77,88,57.02037,30.97963,,,,
77,88,57.02037,30.97963,,,,
77,88,57.02037,30.97963,,,,
77,88,57.02037,30.97963,,,,
77,88,57.02037,30.97963,,,,
77,88,57.02037,30.97963,,,,
77,88,57.02037,30.97963,,,,
77,88,57.02037,30.97963,,,,
77,88,57.02037,30.97963,,,,
77,88,57.02037,30.97963,,,,
77,88,57.02037,30.97963,,,,
77,88,57.02037,30.97963,,,,
77,88,57.02037,30.97963,,,,
77,88,57.02037,30.97963,,,,
77,88,57.02037,30.97963,,,,
77,88,57.02037,30.97963,,,,
77,88,57.02037,30.97963,,,,
77,88,57.02037,30.97963,,,,
77,88,57.02037,30.97963,,,,
77,88,57.02037,30.97963,,,,
78,91,57.00518,33.99482,,,,
78,91,57.00518,33.99482,,,,
78,91,57.00518,33.99482,,,,
78,91,57.00518,33.99482,,,,
78,91,57.00518,33.99482,,,,
78,91,57.00518,33.99482,,,,
78,91,57.00518,33.99482,,,,
78,91,57.00518,33.99482,,,,
78,91,57.00518,33.99482,,,,
78,91,57.00518,33.99482,,,,
78,91,57.00518,33.99482,,,,
78,91,57.00518,33.99482,,,,
78,91,57.00518,33.99482,,,,
78,91,57.00518,33.99482,,,,
78,91,57.00518,33.99482,,,,
78,91,57.00518,33.99482,,,,
78,91,57.00518,33.99482,,,,
78,91,57.00518,33.99482,,,,
78,91,57.00518,33.99482,,,,
78,91,57.00518,33.99482,,,,
79,94,56.98999,37.01001,,,,
79,94,56.98999,37.01001,,,,
79,94,56.98999,37.01001,,,,
79,94,56.98999,37.01001,,,,
79,94,56.98999,37.01001,,,,
79,94,56.98999,37.01001,,,,
79,94,56.98999,37.01001,,,,
79,94,56.98999,37.01001,,,,
79,94,56.98999,37.01001,,,,
79,94,56.98999,37.01001,,,,
79,94,56.98999,37.01001,,,,
79,94,56.98999,37.01001,,,,
79,94,56.98999,37.01001,,,,
79,94,56.98999,37.01001,,,,
79,94,56.98999,37.01001,,,,
79,94,56.98999,37.01001,,,,
79,94,56.98999,37.01001,,,,
79,94,56.98999,37.01001,,,,
79,94,56.98999,37.01001,,,,
79,94,56.98999,37.01001,,,,
80,97,56.9748,40.0252,,,,
80,97,56.9748,40.0252,,,,
80,97,56.9748,40.0252,,,,
80,97,56.9748,40.0252,,,,
80,97,56.9748,40.0252,,,,
80,97,56.9748,40.0252,,,,
80,97,56.9748,40.0252,,,,
80,97,56.9748,40.0252,,,,
80,97,56.9748,40.0252,,,,
80,97,56.9748,40.0252,,,,
80,97,56.9748,40.0252,,,,
80,97,56.9748,40.0252,,,,
80,97,56.9748,40.0252,,,,
80,97,56.9748,40.0252,,,,
80,97,56.9748,40.0252,,,,
80,97,56.9748,40.0252,,,,
80,97,56.9748,40.0252,,,,
80,97,56.9748,40.0252,,,,
80,97,56.9748,40.0252,,,,
80,97,56.9748,40.0252,,,,
81,0,56.95961,-56.95961,,,,
81,0,56.95961,-56.95961,,,,
81,0,56.95961,-56.95961,,,,
81,0,56.95961,-56.95961,,,,
81,0,56.95961,-56.95961,,,,
81,0,56.95961,-56.95961,,,,
81,0,56.95961,-56.95961,,,,
81,0,56.95961,-56.95961,,,,
81,0,56.95961,-56.95961,,,,
81,0,56.95961,-56.95961,,,,
81,0,56.95961,-56.95961,,,,
81,0,56.95961,-56.95961,,,,
81,0,56.95961,-56.95961,,,,
81,0,56.95961,-56.95961,,,,
81,0,56.95961,-56.95961,,,,
81,0,56.95961,-56.95961,,,,
81,0,56.95961,-56.95961,,,,
81,0,56.95961,-56.95961,,,,
81,0,56.95961,-56.95961,,,,
81,0,56.95961,-56.95961,,,,
82,3,56.94442,-53.94442,,,,
82,3,56.94442,-53.94442,,,,
82,3,56.94442,-53.94442,,,,
82,3,56.94442,-53.94442,,,,
82,3,56.94442,-53.94442,,,,
82,3,56.94442,-53.94442,,,,
82,3,56.94442,-53.94442,,,,
82,3,56.94442,-53.94442,,,,
82,3,56.94442,-53.94442,,,,
82,3,56.94442,-53.94442,,,,
82,3,56.94442,-53.94442,,,,
82,3,56.94442,-53.94442,,,,
82,3,56.94442,-53.94442,,,,
82,3,56.94442,-53.94442,,,,
82,3,56.94442,-53.94442,,,,
82,3,56.94442,-53.94442,,,,
82,3,56.94442,-53.94442,,,,
82,3,56.94442,-53.94442,,,,
82,3,56.94442,-53.94442,,,,
82,3,56.94442,-53.94442,,,,
83,6,56.92923,-50.92923,,,,
83,6,56.92923,-50.92923,,,,
83,6,56.92923,-50.92923,,,,
83,6,56.92923,-50.92923,,,,
83,6,56.92923,-50.92923,,,,
83,6,56.92923,-50.92923,,,,
83,6,56.92923,-50.92923,,,,
83,6,56.92923,-50.92923,,,,
83,6,56.92923,-50.92923,,,,
83,6,56.92923,-50.92923,,,,
83,6,56.92923,-50.92923,,,,
83,6,56.92923,-50.92923,,,,
83,6,56.92923,-50.92923,,,,
83,6,56.92923,-50.92923,,,,
83,6,56.92923,-50.92923,,,,
83,6,56.92923,-50.92923,,,,
83,6,56.92923,-50.92923,,,,
83,6,56.92923,-50.92923,,,,
83,6,56.92923,-50.92923,,,,
83,6,56.92923,-50.92923,,,,
84,9,56.91404,-47.91404,,,,
84,9,56.91404,-47.91404,,,,
84,9,56.91404,-47.91404,,,,
84,9,56.91404,-47.91404,,,,
84,9,56.91404,-47.91404,,,,
84,9,56.91404,-47.91404,,,,
84,9,56.91404,-47.91404,,,,
84,9,56.91404,-47.91404,,,,
84,9,56.91404,-47.91404,,,,
84,9,56.91404,-47.91404,,,,
84,9,56.91404,-47.91404,,,,
84,9,56.91404,-47.91404,,,,
84,9,56.91404,-47.91404,,,,
84,9,56.91404,-47.91404,,,,
84,9,56.91404,-47.91404,,,,
84,9,56.91404,-47.91404,,,,
84,9,56.91404,-47.91404,,,,
84,9,56.91404,-47.91404,,,,
84,9,56.91404,-47.91404,,,,
84,9,56.91404,-47.91404,,,,
85,13,56.89885,-43.89885,,,,
85,13,56.89885,-43.89885,,,,
85,13,56.89885,-43.89885,,,,
85,13,56.89885,-43.89885,,,,
85,13,56.89885,-43.89885,,,,
85,13,56.89885,-43.89885,,,,
85,13,56.89885,-43.89885,,,,
85,13,56.89885,-43.89885,,,,
85,13,56.89885,-43.89885,,,,
85,13,56.89885,-43.89885,,,,
85,13,56.89885,-43.89885,,,,
85,13,56.89885,-43.89885,,,,
85,13,56.89885,-43.89885,,,,
85,13,56.89885,-43.89885,,,,
85,13,56.89885,-43.89885,,,,
85,13,56.89885,-43.89885,,,,
85,13,56.89885,-43.89885,,,,
85,13,56.89885,-43.89885,,,,
85,13,56.89885,-43.89885,,,,
85,13,56.89885,-43.89885,,,,
86,16,56.88366,-40.88366,,,,
86,16,56.88366,-40.88366,,,,
86,16,56.88366,-40.88366,,,,
86,16,56.88366,-40.88366,,,,
86,16,56.88366,-40.88366,,,,
86,16,56.88366,-40.88366,,,,
86,16,56.88366,-40.88366,,,,
86,16,56.88366,-40.88366,,,,
86,16,56.88366,-40.88366,,,,
86,16,56.88366,-40.88366,,,,
86,16,56.88366,-40.88366,,,,
86,16,56.88366,-40.88366,,,,
86,16,56.88366,-40.88366,,,,
86,16,56.88366,-40.88366,,,,
86,16,56.88366,-40.88366,,,,
86,16,56.88366,-40.88366,,,,
86,16,56.88366,-40.88366,,,,
86,16,56.88366,-40.88366,,,,
86,16,56.88366,-40.88366,,,,
86,16,56.88366,-40.88366,,,,
87,19,56.86847,-37.86847,,,,
87,19,56.86847,-37.86847,,,,
87,19,56.86847,-37.86847,,,,
87,19,56.86847,-37.86847,,,,
87,19,56.86847,-37.86847,,,,
87,19,56.86847,-37.86847,,,,
87,19,56.86847,-37.86847,,,,
87,19,56.86847,-37.86847,,,,
87,19,56.86847,-37.86847,,,,
87,19,56.86847,-37.86847,,,,
87,19,56.86847,-37.86847,,,,
87,19,56.86847,-37.86847,,,,
87,19,56.86847,-37.86847,,,,
87,19,56.86847,-37.86847,,,,
87,19,56.86847,-37.86847,,,,
87,19,56.86847,-37.86847,,,,
87,19,56.86847,-37.86847,,,,
87,19,56.86847,-37.86847,,,,
87,19,56.86847,-37.86847,,,,
87,19,56.86847,-37.86847,,,,
88,22,56.85328,-34.85328,,,,
88,22,56.85328,-34.85328,,,,
88,22,56.85328,-34.85328,,,,
88,22,56.85328,-34.85328,,,,
88,22,56.85328,-34.85328,,,,
88,22,56.85328,-34.85328,,,,
88,22,56.85328,-34.85328,,,,
88,22,56.85328,-34.85328,,,,
88,22,56.85328,-34.85328,,,,
88,22,56.85328,-34.85328,,,,
88,22,56.85328,-34.85328,,,,
88,22,56.85328,-34.85328,,,,
88,22,56.85328,-34.85328,,,,
88,22,56.85328,-34.85328,,,,
88,22,56.85328,-34.85328,,,,
88,22,56.85328,-34.85328,,,,
88,22,56.85328,-34.85328,,,,
88,22,56.85328,-34.85328,,,,
88,22,56.85328,-34.85328,,,,
88,22,56.85328,-34.85328,,,,
89,26,56.83809,-30.83809,,,,
89,26,56.83809,-30.83809,,,,
89,26,56.83809,-30.83809,,,,
89,26,56.83809,-30.83809,,,,
89,26,56.83809,-30.83809,,,,
89,26,56.83809,-30.83809,,,,
89,26,56.83809,-30.83809,,,,
89,26,56.83809,-30.83809,,,,
89,26,56.83809,-30.83809,,,,
89,26,56.83809,-30.83809,,,,
89,26,56.83809,-30.83809,,,,
89,26,56.83809,-30.83809,,,,
89,26,56.83809,-30.83809,,,,
89,26,56.83809,-30.83809,,,,
89,26,56.83809,-30.83809,,,,
89,26,56.83809,-30.83809,,,,
89,26,56.83809,-30.83809,,,,
89,26,56.83809,-30.83809,,,,
89,26,56.83809,-30.83809,,,,
89,26,56.83809,-30.83809,,,,
90,29,56.8229,-27.8229,,,,
90,29,56.8229,-27.8229,,,,
90,29,56.8229,-27.8229,,,,
90,29,56.8229,-27.8229,,,,
90,29,56.8229,-27.8229,,,,
90,29,56.8229,-27.8229,,,,
90,29,56.8229,-27.8229,,,,
90,29,56.8229,-27.8229,,,,
90,29,56.8229,-27.8229,,,,
90,29,56.8229,-27.8229,,,,
90,29,56.8229,-27.8229,,,,
90,29,56.8229,-27.8229,,,,
90,29,56.8229,-27.8229,,,,
90,29,56.8229,-27.8229,,,,
90,29,56.8229,-27.8229,,,,
90,29,56.8229,-27.8229,,,,
90,29,56.8229,-27.8229,,,,
90,29,56.8229,-27.8229,,,,
90,29,56.8229,-27.8229,,,,
90,29,56.8229,-27.8229,,,,
91,32,56.80771,-24.80771,,,,
91,32,56.80771,-24.80771,,,,
91,32,56.80771,-24.80771,,,,
91,32,56.80771,-24.80771,,,,
91,32,56.80771,-24.80771,,,,
91,32,56.80771,-24.80771,,,,
91,32,56.80771,-24.80771,,,,
91,32,56.80771,-24.80771,,,,
91,32,56.80771,-24.80771,,,,
91,32,56.80771,-24.80771,,,,
91,32,56.80771,-24.80771,,,,
91,32,56.80771,-24.80771,,,,
91,32,56.80771,-24.80771,,,,
91,32,56.80771,-24.80771,,,,
91,32,56.80771,-24.80771,,,,
91,32,56.80771,-24.80771,,,,
91,32,56.80771,-24.80771,,,,
91,32,56.80771,-24.80771,,,,
91,32,56.80771,-24.80771,,,,
91,32,56.80771,-24.80771,,,,
92,36,56.79252,-20.79252,,,,
92,36,56.79252,-20.79252,,,,
92,36,56.79252,-20.79252,,,,
92,36,56.79252,-20.79252,,,,
92,36,56.79252,-20.79252,,,,
92,36,56.79252,-20.79252,,,,
92,36,56.79252,-20.79252,,,,
92,36,56.79252,-20.79252,,,,
92,36,56.79252,-20.79252,,,,
92,36,56.79252,-20.79252,,,,
92,36,56.79252,-20.79252,,,,
92,36,56.79252,-20.79252,,,,
92,36,56.79252,-20.79252,,,,
92,36,56.79252,-20.79252,,,,
92,36,56.79252,-20.79252,,,,
92,36,56.79252,-20.79252,,,,
92,36,56.79252,-20.79252,,,,
92,36,56.79252,-20.79252,,,,
92,36,56.79252,-20.79252,,,,
92,36,56.79252,-20.79252,,,,
93,39,56.77733,-17.77733,,,,
93,39,56.77733,-17.77733,,,,
93,39,56.77733,-17.77733,,,,
93,39,56.77733,-17.77733,,,,
93,39,56.77733,-17.77733,,,,
93,39,56.77733,-17.77733,,,,
93,39,56.77733,-17.77733,,,,
93,39,56.77733,-17.77733,,,,
93,39,56.77733,-17.77733,,,,
93,39,56.77733,-17.77733,,,,
93,39,56.77733,-17.77733,,,,
93,39,56.77733,-17.77733,,,,
93,39,56.77733,-17.77733,,,,
93,39,56.77733,-17.77733,,,,
93,39,56.77733,-17.77733,,,,
93,39,56.77733,-17.77733,,,,
93,39,56.77733,-17.77733,,,,
93,39,56.77733,-17.77733,,,,
93,39,56.77733,-17.77733,,,,
93,39,56.77733,-17.77733,,,,
94,42,56.76214,-14.76214,,,,
94,42,56.76214,-14.76214,,,,
94,42,56.76214,-14.76214,,,,
94,42,56.76214,-14.76214,,,,
94,42,56.76214,-14.76214,,,,
94,42,56.76214,-14.76214,,,,
94,42,56.76214,-14.76214,,,,
94,42,56.76214,-14.76214,,,,
94,42,56.76214,-14.76214,,,,
94,42,56.76214,-14.76214,,,,
94,42,56.76214,-14.76214,,,,
94,42,56.76214,-14.76214,,,,
94,42,56.76214,-14.76214,,,,
94,42,56.76214,-14.76214,,,,
94,42,56.76214,-14.76214,,,,
94,42,56.76214,-14.76214,,,,
94,42,56.76214,-14.76214,,,,
94,42,56.76214,-14.76214,,,,
94,42,56.76214,-14.76214,,,,
94,42,56.76214,-14.76214,,,,
95,45,56.74695,-11.74695,,,,
95,45,56.74695,-11.74695,,,,
95,45,56.74695,-11.74695,,,,
95,45,56.74695,-11.74695,,,,
95,45,56.74695,-11.74695,,,,
95,45,56.74695,-11.74695,,,,
95,45,56.74695,-11.74695,,,,
95,45,56.74695,-11.74695,,,,
95,45,56.74695,-11.74695,,,,
95,45,56.74695,-11.74695,,,,
95,45,56.74695,-11.74695,,,,
95,45,56.74695,-11.74695,,,,
95,45,56.74695,-11.74695,,,,
95,45,56.74695,-11.74695,,,,
95,45,56.74695,-11.74695,,,,
95,45,56.74695,-11.74695,,,,
95,45,56.74695,-11.74695,,,,
95,45,56.74695,-11.74695,,,,
95,45,56.74695,-11.74695,,,,
95,45,56.74695,-11.74695,,,,
96,49,56.73176,-7.73176,,,,
96,49,56.73176,-7.73176,,,,
96,49,56.73176,-7.73176,,,,
96,49,56.73176,-7.73176,,,,
96,49,56.73176,-7.73176,,,,
96,49,56.73176,-7.73176,,,,
96,49,56.73176,-7.73176,,,,
96,49,56.73176,-7.73176,,,,
96,49,56.73176,-7.73176,,,,
96,49,56.73176,-7.73176,,,,
96,49,56.73176,-7.73176,,,,
96,49,56.73176,-7.73176,,,,
96,49,56.73176,-7.73176,,,,
96,49,56.73176,-7.73176,,,,
96,49,56.73176,-7.73176,,,,
96,49,56.73176,-7.73176,,,,
96,49,56.73176,-7.73176,,,,
96,49,56.73176,-7.73176,,,,
96,49,56.73176,-7.73176,,,,
96,49,56.73176,-7.73176,,,,
97,52,56.71657,-4.71657,,,,
97,52,56.71657,-4.71657,,,,
97,52,56.71657,-4.71657,,,,
97,52,56.71657,-4.71657,,,,
97,52,56.71657,-4.71657,,,,
97,52,56.71657,-4.71657,,,,
97,52,56.71657,-4.71657,,,,
97,52,56.71657,-4.71657,,,,
97,52,56.71657,-4.71657,,,,
97,52,56.71657,-4.71657,,,,
97,52,56.71657,-4.71657,,,,
97,52,56.71657,-4.71657,,,,
97,52,56.71657,-4.71657,,,,
97,52,56.71657,-4.71657,,,,
97,52,56.71657,-4.71657,,,,
97,52,56.71657,-4.71657,,,,
97,52,56.71657,-4.71657,,,,
97,52,56.71657,-4.71657,,,,
97,52,56.71657,-4.71657,,,,
97,52,56.71657,-4.71657,,,,
98,55,56.70138,-1.70138,,,,
98,55,56.70138,-1.70138,,,,
98,55,56.70138,-1.70138,,,,
98,55,56.70138,-1.70138,,,,
98,55,56.70138,-1.70138,,,,
98,55,56.70138,-1.70138,,,,
98,55,56.70138,-1.70138,,,,
98,55,56.70138,-1.70138,,,,
98,55,56.70138,-1.70138,,,,
98,55,56.70138,-1.70138,,,,
98,55,56.70138,-1.70138,,,,
98,55,56.70138,-1.70138,,,,
98,55,56.70138,-1.70138,,,,
98,55,56.70138,-1.70138,,,,
98,55,56.70138,-1.70138,,,,
98,55,56.70138,-1.70138,,,,
98,55,56.70138,-1.70138,,,,
98,55,56.70138,-1.70138,,,,
98,55,56.70138,-1.70138,,,,
98,55,56.70138,-1.70138,,,,
99,58,56.68619,1.31381,,,,
99,58,56.68619,1.31381,,,,
99,58,56.68619,1.31381,,,,
99,58,56.68619,1.31381,,,,
99,58,56.68619,1.31381,,,,
99,58,56.68619,1.31381,,,,
99,58,56.68619,1.31381,,,,
99,58,56.68619,1.31381,,,,
99,58,56.68619,1.31381,,,,
99,58,56.68619,1.31381,,,,
99,58,56.68619,1.31381,,,,
99,58,56.68619,1.31381,,,,
99,58,56.68619,1.31381,,,,
99,58,56.68619,1.31381,,,,
99,58,56.68619,1.31381,,,,
99,58,56.68619,1.31381,,,,
99,58,56.68619,1.31381,,,,
99,58,56.68619,1.31381,,,,
99,58,56.68619,1.31381,,,,
99,58,56.68619,1.31381,,,,
100,62,56.671,5.329,,,,
100,62,56.671,5.329,,,,
100,62,56.671,5.329,,,,
100,62,56.671,5.329,,,,
100,62,56.671,5.329,,,,
100,62,56.671,5.329,,,,
100,62,56.671,5.329,,,,
100,62,56.671,5.329,,,,
100,62,56.671,5.329,,,,
100,62,56.671,5.329,,,,
100,62,56.671,5.329,,,,
100,62,56.671,5.329,,,,
100,62,56.671,5.329,,,,
100,62,56.671,5.329,,,,
100,62,56.671,5.329,,,,
100,62,56.671,5.329,,,,
100,62,56.671,5.329,,,,
100,62,56.671,5.329,,,,
100,62,56.671,5.329,,,,
100,62,56.671,5.329,,,,
